Image Name,Title
image_5135.jpg,"a laptop, headphones and a laptop on a white table"
image_11623.jpg,a man standing next to a statue in a garden
image_454.jpg,a man in a mask sits at a desk with a laptop
image_5518.jpg,a man standing next to a stream in the woods
image_9782.jpg,a white plastic seal seal seal seal seal seal seal seal seal seal seal seal seal seal seal seal
image_12655.jpg,the three characters are fighting in a cartoon
image_10838.jpg,a clear bottle filled with nuts and nuts
image_3301.jpg,a person is seen through a leaf
image_5979.jpg,a group of people sitting on the grass
image_7329.jpg,a group of men playing instruments in front of a tent
image_1877.jpg,a group of people playing with a dog
image_3668.jpg,a statue of a boy holding a baby
image_3156.jpg,a woman signing a book at a table
image_5413.jpg,a painting of a building with a boat in the water
image_4826.jpg,a small town surrounded by a river
image_3310.jpg,"departure board with the names of the cities of new york, new york, new york, new"
image_11834.jpg,a woman in a blue shirt and glasses stands in front of a foggy city
image_7093.jpg,the concept art for the new star wars
image_4893.jpg,a sunset over the ocean with snow on the ground
image_8683.jpg,a man sitting on a couch
image_2656.jpg,person and person in the kitchen
image_7395.jpg,a tent pitched up on a mountain
image_2253.jpg,a painting of a city with buildings and a hill
image_4285.jpg,a white truck with a red and yellow trailer
image_12911.jpg,a man and two boys standing next to a wall
image_12952.jpg,a truck driving down the road with buildings in the background
image_1957.jpg,a group of people standing around a large light sculpture
image_3330.jpg,two men standing next to a car in the snow
image_13512.jpg,a field of sunflowers
image_10001.jpg,a graph graph showing the average of the average time spent by the company
image_6141.jpg,a woman swimming in the water
image_1444.jpg,a lego castle with a red roof and a blue roof
image_6206.jpg,the royal family walking through the gardens
image_11433.jpg,a man in a blue apron and white shirt
image_12977.jpg,a man is jumping to dun the basketball ball
image_3490.jpg,the new renault suv
image_7830.jpg,a woman is sitting on a table with a sculpture
image_9527.jpg,a group of people standing in front of a white background with the words 50 million dollars
image_37.jpg,a black suv driving down a road
image_8620.jpg,a woman standing on a beach with a kite
image_9005.jpg,a bride and groom kissing in front of statues
image_9031.jpg,swimmers in the pool
image_11194.jpg,a necklace with a blue and white heart
image_5123.jpg,a close up of a plant with leaves
image_7034.jpg,a pair of sneakers with a flower on them
image_8997.jpg,a large open airway
image_10774.jpg,a bride and groom kissing in a church
image_1236.jpg,two speakers on a white background
image_5775.jpg,a man in a helmet and gloves is celebrating
image_4591.jpg,a view of the devastated city of tating in the east china
image_5808.jpg,a crowd of people on the beach
image_12386.jpg,a restaurant with a blue door and a yellow aw
image_12802.jpg,a telescope on a hill
image_7515.jpg,a painting of a city street with buildings
image_5511.jpg,a plate of chicken ti ti ti ti ti ti ti ti ti ti ti ti ti ti ti
image_3299.jpg,a group of people standing around a model of a city
image_12946.jpg,a man in a suit and bow tie standing on a street
image_1968.jpg,two men sitting on a couch holding up a tablet
image_3593.jpg,the audi team drives around the track
image_3789.jpg,a man in a suit and tie speaking into a microphone
image_7851.jpg,a woman standing on top of a metal sculpture
image_3982.jpg,a man in a yellow jacket is standing on a stage
image_737.jpg,a view of a city from a hill
image_4410.jpg,a screenshot of a number of students
image_3745.jpg,a woman standing on top of a mountain
image_7934.jpg,three cell phones are sitting on a table
image_1577.jpg,dared the complete collection vol 1
image_1844.jpg,a cartoon character with many different colored creatures
image_3997.jpg,a large concrete table
image_11081.jpg,a group of people in a stage setting
image_1538.jpg,organic organic organic organic organic organic organic organic organic organic organic organic organic organic organic organic organic organic organic
image_12544.jpg,a couple dressed in traditional bavarian costumes
image_8202.jpg,a small group of miniatures miniatures miniatures miniatures miniatures miniatures miniatures miniatures miniatures miniatures miniatures miniatures miniatures miniatures miniatures
image_4228.jpg,a computer with a butterfly on it
image_4095.jpg,a street with a crosswalk and a tall building
image_12431.jpg,a night scene with a beach and a full moon
image_10563.jpg,the cover of the book the man who killed the world
image_13112.jpg,a man in a suit and tie with glasses
image_5800.jpg,a display of frozen yories in a store
image_6704.jpg,a pizza box with a pizza inside
image_12735.jpg,a red car is driving down the track
image_8133.jpg,a person standing next to a giant rabbit
image_2819.jpg,pixel tree - pixel tree - pixel tree - pixel tree - pixel tree - pixel tree - pixel
image_2196.jpg,a man and two children laying on a bed
image_5667.jpg,a man in a black shirt and a man in a black shirt are standing next to each other
image_7881.jpg,a kitchen and living room with a couch
image_5963.jpg,a bowl of food on a bamboo mat
image_3920.jpg,a man in a black sweater and jeans
image_4737.jpg,a red leather boot with a rubber sole
image_2534.jpg,a hillside with a lot of trees and houses
image_11547.jpg,a man in a suit carrying a giant inflatable
image_6933.jpg,a man in a suit singing into a microphone
image_12019.jpg,a narrow street in the old town of saint - martin
image_13572.jpg,a rock formation in the ocean
image_12384.jpg,a small trailer with a christmas tree in the snow
image_10754.jpg,a man in a plaid shirt and shorts standing next to another man
image_3556.jpg,a man sitting at a table with flags behind him
image_3660.jpg,two brass door handles on a red door
image_2551.jpg,a picture of a tree in a frame
image_7382.jpg,a monkey sitting on the ground with a pink ball in its mouth
image_13617.jpg,a fence with barbed
image_8542.jpg,a view of a lake and mountains from a plane
image_9680.jpg,a bride and groom kissing on a chair
image_8115.jpg,a woman is sitting on a log by the river
image_5119.jpg,a woman with blonde hair and blue eyes
image_1482.jpg,three men holding up papers in front of a building
image_4675.jpg,cuved - responsive responsive web design
image_8412.jpg,a plate with bread and a bowl of salsa
image_4835.jpg,a statue of a man on top of a building
image_13471.jpg,"a poster for the anime film, with a group of people holding signs"
image_6254.jpg,a note pad with a lake and dock
image_11413.jpg,a man is spraying water on a street
image_11426.jpg,a woman's set of two pieces of clothing and a hat
image_4499.jpg,the interior of the 2019 honda hrx
image_2525.jpg,a woman playing a guitar
image_9874.jpg,bro bro bro bro bro bro bro bro bro bro bro bro bro bro bro bro bro bro bro
image_1442.jpg,a man in a white shirt and headphones
image_1361.jpg,a little girl holding a flower in a park
image_9736.jpg,a painting of a woman laying on a roof
image_12492.jpg,"the cover art for person's new novel, ` `"
image_442.jpg,a col of a man in a suit and tie
image_4101.jpg,an old photo of a church in the middle of town
image_5050.jpg,a painting of a man sitting at a table with a woman
image_12855.jpg,a park with lots of flowers and trees
image_3169.jpg,a statue and vase with flowers in front of a wall
image_7245.jpg,a soccer player with a ball in his hand
image_3830.jpg,the team pose for a team photo
image_7295.jpg,a woman wearing a red shirt and a knitted hat
image_8930.jpg,a large green hill
image_3249.jpg,a man with a camera and cons on his head
image_3379.jpg,a bridge over a river at night
image_5923.jpg,a bride and groom walking in front of a castle
image_8401.jpg,a woman in a kimono
image_1986.jpg,a bride and groom walking in front of a church
image_5114.jpg,a pile of cloths and cloths in a box
image_4246.jpg,a man in a suit standing at a table
image_4121.jpg,a woman in a pirate costume holding a parrot
image_13267.jpg,the interior of a car with the words chevrolet corvette
image_4602.jpg,"a man wearing a t - shirt with the words san, california"
image_4888.jpg,a man standing on a rock next to a river
image_13042.jpg,a man is holding a large metal object
image_12630.jpg,a woman in a white top and green skirt
image_3889.jpg,a woman in a wheelchair
image_13233.jpg,a person is opening a door with a small black button
image_1161.jpg,the logo for the chinese - american trade commission
image_8580.jpg,a lake with trees in the fore
image_10732.jpg,a young woman sitting on the grass in her backyard garden stock images
image_12322.jpg,a man in a suit and tie sitting at a table
image_7704.jpg,a church with a large altar and a cross
image_11676.jpg,refer refer refer refer refer refer refer refer refer refer refer refer refer refer refer refer refer refer refer
image_3440.jpg,a person in a yellow duck costume is in the water
image_12548.jpg,a painting of a house on the beach
image_7215.jpg,a group of people standing around a table
image_10299.jpg,a small dog in a field with a house
image_1184.jpg,a coral with a white background
image_7172.jpg,a woman in a hat is standing near a boat
image_10389.jpg,a man in a suit and tie sitting at a table
image_10736.jpg,a table with a fan and a lamp on it
image_9589.jpg,a metal watering pot
image_9995.jpg,a man in a suit and tie tying his tie
image_9193.jpg,a menu with a chef preparing food
image_8865.jpg,the person blue leather tote bag
image_3604.jpg,a game boy iphone case
image_8521.jpg,a couple sitting at a table with flowers
image_11740.jpg,a man in a suit and tie is looking at the camera
image_2842.jpg,a bride and groom pose for a photo in front of a painting
image_6187.jpg,a man and woman are playing with each other people
image_10977.jpg,a woman in a black dress sitting on a chair
image_13329.jpg,a closet with a coat rack and a coat rack
image_9678.jpg,a small animal is walking across a dry field
image_3560.jpg,a purse with a picture of a woman in the middle
image_2087.jpg,a dog with a collar
image_5573.jpg,a woman sweeping up the street
image_6238.jpg,a cartoon character with a sword and a man in a suit
image_7389.jpg,a bottle with a cartoon fox on it
image_7664.jpg,a group of people working together on a construction site
image_12901.jpg,a man holding a medal in his hand
image_10812.jpg,a blue race car driving down a road
image_2170.jpg,two red plastic tokens with chinese characters on them
image_12359.jpg,a referee is shown by a referee after a foul during the match
image_1964.jpg,two men standing next to each other men
image_2210.jpg,a small coin sitting next to a small wooden block
image_3879.jpg,a man standing in front of a cross
image_12609.jpg,a group of people sitting on green chairs on a beach
image_12275.jpg,"a woman in a black jacket and headphones, with the words keep on the side of her"
image_5246.jpg,"a logo with the words,'a party '"
image_12900.jpg,a boat is in the water near a beach
image_3801.jpg,led light with white light
image_9812.jpg,a soccer player in a yellow uniform on the field
image_11017.jpg,two women jumping in the pool
image_12478.jpg,a woman in a garden
image_13611.jpg,a woman holding a medal and a flower
image_7633.jpg,a bride and groom standing on a rock
image_13057.jpg,a man and woman standing in a room
image_6500.jpg,a man in a suit and tie playing a saxophone
image_1572.jpg,a pair of ceramic busturis
image_4368.jpg,a black and white photo of a church
image_9364.jpg,a man and woman standing in front of a mirror
image_7204.jpg,the packaging is made from cardboard and has a brown paper box with a sandwich inside
image_7961.jpg,a woman getting her hair done
image_3091.jpg,btzwoâ„¢ smart smart facial facial massager
image_1249.jpg,the england team in their respective
image_8675.jpg,bob bob bob bob bob bob bob bob bob bob bob bob bob bob bob bob bob bob bob
image_9130.jpg,the stage is blue
image_9507.jpg,a woman walking down a street in a city
image_8053.jpg,a circular pattern of orange leaves
image_1827.jpg,a plate with a sandwich and fruit on it
image_424.jpg,a large screen printing machine with a large screen
image_2744.jpg,audi rs1 - r race car
image_11544.jpg,a pair of shoes with a butterfly on the sole
image_6123.jpg,a painting of two people in a boat
image_10528.jpg,a man in a suit talking to a woman in a dress
image_1319.jpg,a cat with glasses and a book
image_10039.jpg,a man in a white shirt
image_2650.jpg,a cat is sitting on the floor next to a christmas tree
image_7010.jpg,"the game's screens are all different, but the screens are different"
image_9662.jpg,a group of men standing next to a train
image_1115.jpg,a man with a beard and glasses on a tv screen
image_1148.jpg,a guitar with a yellow body and a black neck
image_1475.jpg,a dog sitting on a bench in the leaves
image_10867.jpg,two cartoon characters dressed in traditional costumes
image_6174.jpg,three small pizzas on a wire rack
image_7182.jpg,a pile of pasta on a wooden cutting board
image_3264.jpg,a statue of a dog running with a flower in its mouth
image_10294.jpg,a man standing on a stage with a crowd watching
image_9285.jpg,a seahorse in the clouds with a splash of paint
image_10106.jpg,a close up of a tooth with a tooth
image_11351.jpg,a brown plastic connector with a white background
image_8357.jpg,a couple walking down the aisle
image_12240.jpg,a man in a white lab coat
image_6376.jpg,watercolor illustration of a spiny leaf and spiny leaf royalty illustration
image_9861.jpg,a man and woman are sitting on a stage
image_13325.jpg,a cemetery with flowers and candles is seen in the fore of the cemetery
image_4735.jpg,a table with a white table cloth and a chandel
image_12785.jpg,a truck is stuck on the beach
image_585.jpg,a baby wearing a red hat and scarf
image_5432.jpg,"the castle of san, italy"
image_12598.jpg,three white glass jars with gold trim and gold lids
image_7281.jpg,a cup of green tea and a piece of cake
image_4716.jpg,a snow covered tree in the middle of a forest
image_13677.jpg,a woman in a santa suit is taking a picture of herself
image_12894.jpg,a green leather wallet with a black leather lining
image_1089.jpg,the amly visa card
image_12200.jpg,a white cloth with a green plant on it
image_1300.jpg,a restaurant with a mural of horses and horses
image_4454.jpg,a woman in a black coat and pink skirt
image_11670.jpg,a woman in a store looking at boxes
image_360.jpg,a drawing of a person with a blue and pink paint stroke
image_1536.jpg,a goat standing on top of a rock
image_2911.jpg,a construction site with a large wall and a wooden fence
image_2592.jpg,a room with a door and a window
image_2778.jpg,"a wooden face with a large, brown, and black pattern"
image_4714.jpg,a man with a black jacket and white shirt
image_11545.jpg,a man and woman sitting at a table
image_6066.jpg,a painting of a woman in a garden
image_7289.jpg,a group of people sitting around a table
image_4405.jpg,a plane is spraying water on the runway
image_3820.jpg,a man standing in a dark room with a light coming from the door
image_7728.jpg,a bride and groom walking through the woods
image_13776.jpg,a sweater and skirt are on display
image_7019.jpg,people sitting at a table on a dock
image_6975.jpg,a surfer at sunset playing cards
image_6111.jpg,a painting on a wall above a dresser
image_4017.jpg,a man in a blue shirt is standing in a room
image_2262.jpg,a group of men sitting around a table
image_4753.jpg,a living room with a couch and two pictures on the wall
image_1821.jpg,fans of dortmund are seen during the match between dortmund and boden
image_1143.jpg,a bed with a blanket and a pillow
image_2129.jpg,a man and a child are standing on a path
image_11387.jpg,a person riding a motorcycle on a track
image_9131.jpg,a man in a suit holding a candle
image_1065.jpg,"a man with a beard and a beard, holding a knife in front of a full moon"
image_9067.jpg,a woman sitting on a rock in the rain
image_1171.jpg,a man and woman walking on a bridge
image_10007.jpg,a man in a suit talking to another man in a suit
image_10589.jpg,a large display of posters
image_1568.jpg,a woman running on the beach with her hair in the wind
image_8586.jpg,a little girl standing in front of a pink wall
image_2725.jpg,a yellow car with a black seat and a black seat
image_12590.jpg,a woman standing on a balcony with rice terraces in the background
image_3416.jpg,a man taking a photo of a bride
image_8686.jpg,a pair of earrings with purple and green flowers
image_8554.jpg,a painting of a woman in a white dress and a man in a brown coat
image_3931.jpg,"a pile of rubble in the city of san, mexico"
image_2074.jpg,a band performing on stage with a crowd watching
image_5970.jpg,the black backpack and the red backpack
image_2138.jpg,two men in yellow vests standing next to a building
image_8050.jpg,a woman in a white dress and flower crown
image_11743.jpg,a cloudy sky
image_1696.jpg,a street with tables and chairs on it
image_2040.jpg,a crowd of people holding flags
image_9774.jpg,a painting of a man on a horse
image_10532.jpg,a group of people standing around a display of military memorabilia
image_4122.jpg,a watch with an astronaut on the screen
image_7146.jpg,the team at the exhibition
image_5479.jpg,a glass of lemonade next to a glass of lemonade
image_9555.jpg,"a wooden plate with sausages, eggs and tomatoes"
image_2226.jpg,a painting of a beach with a sky and clouds
image_12106.jpg,three people standing next to each other people
image_2212.jpg,a man and woman holding american flags
image_4801.jpg,a plant in a white vase next to a red bag
image_8974.jpg,colorful painted furniture in a shop
image_12599.jpg,a flyer for the new innovation news
image_4918.jpg,mazda cx - line 1 5 0 at
image_5254.jpg,a man holding a large axe
image_4343.jpg,the label for the wine company's new label
image_8059.jpg,artificial artificial artificial artificial artificial artificial artificial artificial artificial artificial artificial artificial artificial artificial artificial artificial artificial artificial artificial
image_5457.jpg,a little girl holding a sign and balloons
image_1702.jpg,"religious leader, left, and religious leader, right, meet in the vatican office"
image_10134.jpg,the landing page for the new app
image_5862.jpg,a box of airpodss with the box open
image_3263.jpg,the case for the dj dj dj dj dj dj dj dj dj dj dj dj dj dj dj
image_1635.jpg,reiki 101 with valerie
image_2596.jpg,"a green label with the words,'pure oil'and'pure oil '"
image_12354.jpg,a woman squats on the ground in a gym
image_9627.jpg,a cartoon of a man in a blue uniform and a rocket
image_11492.jpg,a man standing at a podium with a microphone
image_5421.jpg,a man sitting at a table with a book
image_5251.jpg,a church in the evening
image_7612.jpg,a green leaf logo
image_11502.jpg,a man standing next to a tree in a yard
image_4844.jpg,a woman in a white dress standing in front of a window
image_8817.jpg,a man wearing glasses and a black shirt
image_5596.jpg,a graph showing the percentage of global energy consumption
image_5319.jpg,a couple standing next to each other people
image_7727.jpg,a pair of shoes and a tie on a white sheet
image_7088.jpg,a bedroom with a bed and a chair
image_2987.jpg,a boat is in the water near a large factory
image_9698.jpg,a group of people walking on a train platform
image_13060.jpg,a man standing in front of a house
image_10107.jpg,a bride and groom sitting on a bench in front of a house
image_5595.jpg,green star patterned lunch bags
image_7513.jpg,the world center istanbul
image_778.jpg,a sign in a room with plants growing on the walls
image_38.jpg,a snail with its head in the shape of a snail
image_2671.jpg,a small courtyard with a small garden and a fountain
image_10402.jpg,a woman in a red dress holding an umbrella
image_1716.jpg,a man in a uniform sitting on a chair
image_7203.jpg,"a plate with tomatoes, cheese and a piece of bread"
image_11534.jpg,a painting of a man in a forest
image_10945.jpg,a group of people in military uniforms
image_2755.jpg,a person holding a bag of candy
image_147.jpg,a woman in a white dress and sandals
image_12093.jpg,a framed drawing of a plane
image_6907.jpg,a woman with long hair and a black background
image_6073.jpg,a man in a suit and tie standing in an office
image_9450.jpg,a woman in a black kim
image_7649.jpg,person in a hat
image_941.jpg,two men standing at a podium with flags behind them
image_1602.jpg,a man holding a bottle of champagne in his hand
image_9494.jpg,a man standing in the middle of a field with a green sky behind him
image_7721.jpg,a room with a bunk bed and a red couch
image_5453.jpg,two grey ceramic cups on a stone slab
image_275.jpg,the building where the hotel is located
image_3942.jpg,people holding flags and holding flags in front of a building
image_2146.jpg,a crowd of people gathered in a city
image_12230.jpg,a screenshot of a spaceship with a view of the city
image_12580.jpg,a street with a flag on it
image_13805.jpg,a book with a picture of a mountain
image_214.jpg,a bottle of red wine with a drawing of a man
image_3.jpg,a cartoon depicting a man in a canoe with a woman in the back
image_11799.jpg,a display of dresses on display in a museum
image_7507.jpg,a bride sitting on a bench in the evening
image_2400.jpg,a man on a roof looking at the sky
image_752.jpg,a package of chinese tea with a packet of tea
image_8548.jpg,a wooden desk with a ladder and a computer
image_9607.jpg,a hand holding a measuring ruler in front of a granite wall
image_10346.jpg,france vs belgium
image_3175.jpg,a piece of cake on a plate with a fork
image_4630.jpg,the samsung note note note note note note note note note note note note note note note note note
image_12876.jpg,the winners on the podium at the end of the race
image_7551.jpg,a taco taco taco taco taco taco taco taco taco
image_4577.jpg,a woman with long hair
image_161.jpg,jbl xyq wireless bluetooth headphones
image_10850.jpg,a room with a chair and a plant on a table
image_8912.jpg,a man in a suit and tie
image_10965.jpg,a man holding a trophy in his hand
image_13475.jpg,a woman sitting on the grass near a river
image_2673.jpg,a small green plastic ball with a wooden handle
image_10492.jpg,a group of people in the desert
image_3409.jpg,a metal flower on a wooden table
image_12647.jpg,two women smiling and posing for the camera
image_3978.jpg,a metal triangle with a cord cord
image_9553.jpg,a street with a fence and a sign
image_2921.jpg,a man standing on a surf board in the ocean
image_9622.jpg,a man in a room with a laptop
image_7953.jpg,a sewing machine with a piece of fabric on it
image_3235.jpg,an old book cover with two people walking down the street
image_6180.jpg,the castle is made out of stone and has a red roof
image_1974.jpg,two planters hanging from the wall
image_9345.jpg,a drawing of a group of men in the woods
image_1262.jpg,a cat with a ball of yarn and a ball of yarn
image_9508.jpg,"the golf course at the fair club in rancho, california"
image_10274.jpg,a wooden cutting board with a bowl and a knife
image_991.jpg,the logo for the game
image_7429.jpg,a large group of people sitting at tables
image_28.jpg,the entrance to the new dn plaza
image_4488.jpg,a group of children posing for a photo
image_11991.jpg,the monument in the city
image_909.jpg,a plate with some lemons and some cookies on it
image_8568.jpg,a painting of two people sitting in a room
image_3238.jpg,a silver metal bottle opener with a black handle
image_9107.jpg,a small table with a picture of a windmill
image_180.jpg,monks in orange robes walking down the street
image_13597.jpg,a woman sitting on a couch with a glass of wine
image_5330.jpg,a group of people standing in a room
image_3580.jpg,a woman with long hair
image_5269.jpg,a cake with a guitar and skulls on it
image_3203.jpg,a woman wearing glasses with the word'ble'in the middle
image_92.jpg,a turntable with a can of beer on it
image_13350.jpg,a woman is walking up a set of stairs
image_4868.jpg,a cake with chocolate and nuts on top
image_3060.jpg,the meeting of the ministry of the ministry of poland
image_10095.jpg,a man in a black tuxed tuxed tuxed tuxed tuxed tuxed tuxed
image_378.jpg,a red car with the word honda on it
image_2809.jpg,a large concrete patio
image_6367.jpg,a person holding a soap bar in their hand
image_11608.jpg,a woman in a yellow shirt and white hat holding a flower
image_9090.jpg,a girl in a white dress walking down a path
image_1853.jpg,the british army in the film dunkirk
image_49.jpg,conductor person conducting the orchestra
image_7957.jpg,the world map of athletics
image_12370.jpg,a painting of a man in a cowboy hat holding a gun
image_12555.jpg,a group of people holding signs in front of a building
image_2706.jpg,a woman and a child on a red bike
image_3317.jpg,a woman sitting on a rock in a forest
image_6790.jpg,a man in a suit and tie sitting at a table
image_4354.jpg,the game is a little bit of magic
image_5841.jpg,a group of women running on a track
image_10233.jpg,a white plate topped with a bowl of pea pea pea soup
image_6952.jpg,a man in a black shirt
image_4683.jpg,two men holding up certificates in front of a poster
image_8177.jpg,a couple sitting on a white surface
image_4855.jpg,the idol of the red carpet anime
image_8700.jpg,a group of people holding up pictures of themselves
image_9250.jpg,a painting of a bird with a red ball in its mouth
image_10853.jpg,a man is building sand castles on the beach
image_2963.jpg,a man is pulling a cart down the street
image_12102.jpg,the coffee gift box
image_2728.jpg,the poster for the movie's first trailer
image_11108.jpg,a black and gold recess light with a white light
image_3058.jpg,the sky is blue
image_4709.jpg,a crowd of people walking down a street
image_10530.jpg,the walking dead - season 2
image_12063.jpg,a blue dress hanging on a wall
image_7036.jpg,a robot with two guns in his hands royalty illustration
image_5783.jpg,a church with a cross on the front
image_6901.jpg,a girl in a green dress with a flower on it
image_4206.jpg,a small house sitting on top of a lake
image_9374.jpg,mafia mafia mafia mafia mafia mafia mafia mafia mafia mafia mafia mafia mafia mafia mafia mafia mafia mafia mafia
image_12265.jpg,a woman in a white dress and black hat
image_10240.jpg,a man is painting a picture on a table
image_9790.jpg,nokia's new flagship smartphones are the best selling smartphones in the world
image_9051.jpg,algeria's forward mohamed alou celebrates after scoring his team's second goal
image_866.jpg,a large white object is projected on a wall
image_12635.jpg,a blue door with a clock on it
image_1101.jpg,a bride in a white dress standing next to a white car
image_8989.jpg,a man in a suit and tie speaking at a podium
image_9145.jpg,a helicopter is flying over a snowy mountain
image_8859.jpg,a bracelet with a pink heart and a blue heart charm
image_9077.jpg,a woman holding her hand while standing on a rock
image_6262.jpg,a sandwich with a pick and pick pick
image_8609.jpg,a woman doing yoga on the beach
image_12189.jpg,two people standing next to each other people
image_9563.jpg,a bathroom with a large mirror and a sink
image_5332.jpg,logo design for hardware company
image_9423.jpg,a graph graph shows the number of deaths in the united
image_577.jpg,a white apron hanging on a wooden wall
image_5547.jpg,a couple of two people in a room
image_6404.jpg,a cannon on a hill overlooking the ocean
image_13800.jpg,a woman wearing a white fur coat
image_10091.jpg,a woman in a red sweater and plaid skirt
image_8557.jpg,a beach with a lot of people laying on it
image_11475.jpg,a band playing music on a stage at night
image_2240.jpg,a black and white photo of a man on a guitar
image_7333.jpg,a blue car driving down a road
image_10350.jpg,three men in suits
image_2489.jpg,"a flooded building in the city of wuzhou, china"
image_10534.jpg,a man running a race
image_156.jpg,a woman with a flower in her hair
image_11481.jpg,a large circular building
image_6533.jpg,a young boy in a blue and white striped shirt
image_146.jpg,a person pouring wine into a plate of food
image_3195.jpg,a rendering of the new library and learning center
image_9635.jpg,a kitchen with a bunch of plates on a table
image_6669.jpg,a man in a suit
image_5131.jpg,a black and white striped wallpaper
image_13798.jpg,the crowd at the 18th hole at the masters
image_8888.jpg,a rendering of a canal with boats docked on it
image_2329.jpg,two police officers wearing masks and standing in front of a counter
image_10498.jpg,a person holding a wreath in their hands
image_13711.jpg,a woman wearing a blue scarf and hat
image_9548.jpg,a manuscript with a depiction of a woman and a man
image_7323.jpg,the huntster knife by person
image_10178.jpg,a man in a yellow racing suit standing next to a yellow car
image_9866.jpg,a character with a fire in his hand
image_8068.jpg,manchester manager roberto mouri and manchester manager roberto mouri during the barclay cup final match between chelsea
image_2364.jpg,a woman in a pink dress holding a rifle
image_6566.jpg,a group of ties
image_11519.jpg,the winners are posing for a photo on the red carpet
